{"stats":{"minecraft:custom":{"minecraft:jump":9,"minecraft:time_since_rest":2403,"minecraft:leave_game":1,"minecraft:crouch_one_cm":141,"minecraft:sprint_one_cm":1048,"minecraft:play_time":2403,"minecraft:damage_taken":10,"minecraft:time_since_death":2403,"minecraft:walk_one_cm":11288,"minecraft:sneak_time":15,"minecraft:total_world_time":2403,"minecraft:fall_one_cm":544},"minecraft:crafted":{"minecraft:spruce_planks":8},"minecraft:mined":{"minecraft:large_fern":2,"minecraft:spruce_log":2,"minecraft:spruce_leaves":3},"minecraft:picked_up":{"minecraft:stick":1,"minecraft:spruce_log":2,"minecraft:wheat_seeds":1}},"DataVersion":3465}