{"stats":{"minecraft:killed_by":{"minecraft:zombie":1},"minecraft:killed":{"minecraft:skeleton":4,"minecraft:zombie":2,"minecraft:creeper":1},"minecraft:picked_up":{"minecraft:wooden_axe":1,"minecraft:stick":6,"minecraft:raw_iron":5,"minecraft:sweet_berries":5,"minecraft:andesite":3,"minecraft:wooden_pickaxe":1,"minecraft:oak_log":31,"minecraft:spruce_sapling":5,"minecraft:spruce_log":33,"minecraft:dirt":18,"minecraft:bone":2,"minecraft:arrow":4,"minecraft:rotten_flesh":2,"minecraft:wheat_seeds":3,"minecraft:spruce_planks":7,"minecraft:oak_sapling":2,"minecraft:coal":1,"minecraft:cobblestone":68},"minecraft:used":{"minecraft:water_bucket":5,"minecraft:dark_oak_planks":148,"minecraft:netherite_shovel":15,"minecraft:cobblestone_stairs":32,"minecraft:oak_planks":9,"minecraft:netherite_axe":70,"minecraft:chest":6,"minecraft:iron_sword":10,"minecraft:spruce_sapling":5,"minecraft:oak_door":3,"minecraft:wooden_sword":6,"minecraft:glowstone":40,"minecraft:dirt":14,"minecraft:cobblestone":152,"minecraft:crafting_table":3,"minecraft:oak_sapling":2,"minecraft:netherite_pickaxe":80,"minecraft:sponge":5,"adorn:stone_torch":4,"minecraft:spruce_fence":41,"minecraft:enchanted_golden_apple":3},"minecraft:custom":{"minecraft:time_since_rest":66843,"minecraft:interact_with_smithing_table":1,"minecraft:sprint_one_cm":44728,"minecraft:damage_taken":557,"minecraft:damage_absorbed":188,"minecraft:walk_one_cm":171658,"minecraft:mob_kills":7,"minecraft:damage_dealt":1635,"minecraft:interact_with_crafting_table":5,"minecraft:talked_to_villager":1,"minecraft:fly_one_cm":133460,"minecraft:open_chest":3,"minecraft:crouch_one_cm":5339,"minecraft:play_time":72399,"minecraft:deaths":1,"minecraft:sneak_time":1902,"minecraft:jump":269,"minecraft:leave_game":3,"minecraft:time_since_death":66809,"minecraft:walk_on_water_one_cm":390,"minecraft:total_world_time":72399,"minecraft:damage_resisted":60,"minecraft:fall_one_cm":2892},"minecraft:crafted":{"minecraft:wooden_sword":1,"minecraft:oak_planks":124,"minecraft:wooden_shovel":1,"adorn:stone_torch":4,"minecraft:crafting_table":3,"minecraft:spruce_planks":128,"minecraft:stick":8,"minecraft:wooden_pickaxe":1,"minecraft:wooden_axe":1,"minecraft:iron_sword":1,"minecraft:chest":6,"adorn:stone_rod":4},"minecraft:mined":{"minecraft:large_fern":2,"minecraft:iron_ore":5,"minecraft:sweet_berry_bush":1,"minecraft:spruce_log":33,"minecraft:andesite":3,"minecraft:grass_block":6,"minecraft:oak_log":31,"minecraft:coal_ore":1,"minecraft:dirt":10,"minecraft:cobblestone":2,"minecraft:spruce_leaves":4,"minecraft:stone":69,"minecraft:oak_leaves":3,"minecraft:fern":2}},"DataVersion":3465}