{"stats":{"minecraft:picked_up":{"minecraft:oak_log":5},"minecraft:custom":{"minecraft:jump":9,"minecraft:time_since_rest":4210,"minecraft:leave_game":1,"minecraft:crouch_one_cm":20,"minecraft:sprint_one_cm":5665,"minecraft:play_time":4210,"minecraft:damage_taken":20,"minecraft:time_since_death":4210,"minecraft:walk_one_cm":10442,"minecraft:sneak_time":8,"minecraft:total_world_time":4210,"minecraft:interact_with_crafting_table":2,"minecraft:fall_one_cm":691,"minecraft:fly_one_cm":817},"minecraft:crafted":{"minecraft:crafting_table":1,"minecraft:oak_planks":12,"minecraft:stick":4,"minecraft:wooden_axe":1},"minecraft:used":{"minecraft:wooden_axe":2,"minecraft:crafting_table":1},"minecraft:mined":{"minecraft:oak_log":5,"minecraft:sand":1}},"DataVersion":3465}